{
    "RMSE Minutes (Linear Model)": 245.72830652294783,
    "RMSE Minutes (Random Forest)": 254.5289465545564,
    "RMSE Points (Linear Model)": 6.896967498107776,
    "RMSE Points (Random Forest)": 6.912311018165243,
    "RMSE Rebounds (Linear Model)": 3.0693314430103076,
    "RMSE Rebounds (Random Forest)": 3.076481845464042,
    "RMSE Assists (Linear Model)": 2.3782738073885286,
    "RMSE Assists (Random Forest)": 2.378497067619254
}