{
    "RMSE rebounds (Linear Model)": 1.654054424793806,
    "RMSE rebounds (Random Forest)": 0.9448712632463471
}