{
    "RMSE Points (Linear Model)": 4.171315117982897,
    "RMSE Points (Random Forest)": 4.37636608241849
}