{
    "RMSE points (Linear Model)": 4.068960532135568,
    "RMSE points (Random Forest)": 2.742523000098104
}