{
    "RMSE Assists (Linear Model)": 1.2790966580539156,
    "RMSE Assists (Random Forest)": 1.3685266154513418
}