{
    "RMSE assists (Linear Model)": 1.2441538166190331,
    "RMSE assists (Random Forest)": 0.6949695576391088
}