{
    "RMSE Rebounds (Linear Model)": 1.7061124768002183,
    "RMSE Rebounds (Random Forest)": 1.8095085241865596
}